{"F": 0.06812555613176906, "recall": 0.1572319123176507, "alpha": 0.7, "precision": 0.11329113924050634}